Year,DeathRate
2000,0.8294718099499999
2001,0.80772308485
2002,0.79301614765
2003,0.7569965707999999
2004,0.81572714137
2005,0.8422039347800001
2006,0.8504839409499999
2007,0.8707084358999999
2008,0.8995252069999999
2009,0.9302261878
2010,0.8932806019
2011,0.8769776217
2012,0.8853660512
2013,0.87281450835
2014,0.91454230455
2015,0.9460857617
2016,1.0212356276
2017,1.0620168247
2018,1.05942993825
2019,1.04552540785
2020,1.1032332816000001
2021,1.155498613
